<?xml version="1.0" encoding="UTF-8" standalone="yes"?>
<addon id="plugin.video.sportsaccess" name="SportsAccess (BOB)" version="2.2.5a (BOB 0.2.02)" provider-name="SportsAccess">
    <requires>
		<import addon="xbmc.python" version="2.19.0"/>
		<import addon="script.module.simplejson" version="3.3.0"/>
		<import addon="script.common.plugin.cache" version="0.9.1"/>
    		<import addon="script.module.bigoldboy" />  
        <import addon="script.module.pytz" version="2014.2"/>
    </requires>
    <extension point="xbmc.python.pluginsource" library="default.py">
        <provides>video</provides>
    </extension>
    <extension point="xbmc.python.script" library="addon.py">
        <provides>executable</provides>
    </extension>
    <extension point="xbmc.service" library="service.py" start="login"/>
    <extension point="xbmc.addon.metadata">
        <summary lang="en">SportsAccess Sports</summary>
        <description lang="en">Get all your Live sports here</description>
        <platform>all</platform>
        <assets>
          <icon>resources/icon.png</icon>
          <fanart>resources/fanart.jpg</fanart>
          <screenshot>resources/screenshot001.png</screenshot>
          <screenshot>resources/screenshot002.png</screenshot>
          <screenshot>resources/screenshot003.png</screenshot>
        </assets>
  </extension>
</addon>
