<?xml version="1.0" encoding="UTF-8" standalone="yes"?>
<addon id="repository.bigoldboy" name="BigOldBoy Repo" version="0.2.02" provider-name="bigoldboy">
	<extension point="xbmc.addon.repository" name="bigoldboy repo">
		<info compressed="false">https://raw.githubusercontent.com/bigoldboy/repository.bigoldboy/master/zips/addons.xml</info>
		<checksum>https://raw.githubusercontent.com/bigoldboy/repository.bigoldboy/master/zips/addons.xml.md5</checksum>
		<datadir zip="true">https://raw.githubusercontent.com/bigoldboy/repository.bigoldboy/master/zips/</datadir>
	</extension>
	<extension point="xbmc.addon.metadata">
		<summary lang="en">Repo for all addons by BigOldBoy</summary>
		<description lang="en">Biggy's Repo</description>
		<genre></genre>
	</extension>
</addon>