<?xml version="1.0" encoding="UTF-8" standalone="yes"?>
<addon id="plugin.video.charlierose" name="Charlie Rose (BOB)" version="0.0.3 (BOB 0.2.02)" provider-name="MetalChris">
  <requires>
    <import addon="xbmc.python" version="2.1.0"/>
    <import addon="script.module.beautifulsoup4" version="4.3.2"/>
    <import addon="script.module.requests" version="2.9.1"/>
    <import addon="script.module.html5lib" version="0.999.0"/>  
  </requires>
  <extension point="xbmc.python.pluginsource" library="addon.py">
    <provides>video</provides>
  </extension>
  <extension point="xbmc.addon.metadata">
    <summary lang="en">Charlie Rose</summary>
    <description lang="en">Watch videos from charlierose.com - Since 1991, “Charlie Rose” has engaged America’s best thinkers, writers, politicians, athletes, entertainers, business leaders, scientists and other newsmakers in one-on-one interviews and roundtable discussions.</description>
    <disclaimer lang="en"></disclaimer>
    <language></language>
    <platform>all</platform>
    <license></license>
    <forum></forum>
    <website></website>
    <email></email>
    <source></source>
  </extension>
</addon>
